No,Filename,Path,True Class,Predicted Class,Result,Confidence,Confidence (%),Fresh Probability,Fresh Probability (%),Rotten Probability,Rotten Probability (%)
1,freshCarrot (392).jpg,test\Fresh\freshCarrot (392).jpg,fresh,fresh,Correct,0.9537100196,95.371002,0.9537100196,95.371002,0.0462900065,4.629001
2,tomat_segar (1417).jpg,test\Fresh\tomat_segar (1417).jpg,fresh,fresh,Correct,0.9999848604,99.998486,0.9999848604,99.998486,0.0000151134,0.001511
3,20220413_191554_jpg.rf.c5459e41d81c9a1f466c4c0b08943c23.jpg,test\Fresh\20220413_191554_jpg.rf.c5459e41d81c9a1f466c4c0b08943c23.jpg,fresh,fresh,Correct,0.9999954700,99.999547,0.9999954700,99.999547,0.0000045628,0.000456
4,vertical_flip_Screen Shot 2018-06-13 at 12.01.49 AM.png,test\Fresh\vertical_flip_Screen Shot 2018-06-13 at 12.01.49 AM.png,fresh,fresh,Correct,0.9999599457,99.995995,0.9999599457,99.995995,0.0000400016,0.004000
5,IMG_3912_png.rf.a0afa073169867cd6cdab729997c84c3.jpg,test\Fresh\IMG_3912_png.rf.a0afa073169867cd6cdab729997c84c3.jpg,fresh,fresh,Correct,0.9999009371,99.990094,0.9999009371,99.990094,0.0000990288,0.009903
6,freshTomato (268).jpg,test\Fresh\freshTomato (268).jpg,fresh,fresh,Correct,1.0000000000,100.000000,1.0000000000,100.000000,0.0000000109,0.000001
7,freshCarrot (410).jpg,test\Fresh\freshCarrot (410).jpg,fresh,fresh,Correct,0.9996470213,99.964702,0.9996470213,99.964702,0.0003529633,0.035296
8,capsicum3_3.jpg_0_2272.jpg,test\Fresh\capsicum3_3.jpg_0_2272.jpg,fresh,fresh,Correct,0.9999980927,99.999809,0.9999980927,99.999809,0.0000019650,0.000196
9,jeruk_segar (1289).png,test\Fresh\jeruk_segar (1289).png,fresh,fresh,Correct,0.9999873638,99.998736,0.9999873638,99.998736,0.0000126952,0.001270
10,360_F_306504339_7WsN1XJOHU7pYKbbEsHIJ8iuGS1fbg2Y_jpg.rf.aee71771461e108f0080fa0ad88f732a.jpg,test\Fresh\360_F_306504339_7WsN1XJOHU7pYKbbEsHIJ8iuGS1fbg2Y_jpg.rf.aee71771461e108f0080fa0ad88f732a.jpg,fresh,fresh,Correct,0.9999992847,99.999928,0.9999992847,99.999928,0.0000007199,0.000072
11,o (1226).jpg,test\Fresh\o (1226).jpg,fresh,fresh,Correct,0.9889439344,98.894393,0.9889439344,98.894393,0.0110560805,1.105608
12,tomat_segar (734).jpg,test\Fresh\tomat_segar (734).jpg,fresh,fresh,Correct,0.9999997616,99.999976,0.9999997616,99.999976,0.0000002065,0.000021
13,wortel_segar (1995).jpg,test\Fresh\wortel_segar (1995).jpg,fresh,fresh,Correct,0.7484454513,74.844545,0.7484454513,74.844545,0.2515545785,25.155458
14,wortel_s (166).jpg,test\Fresh\wortel_s (166).jpg,fresh,fresh,Correct,0.9995211363,99.952114,0.9995211363,99.952114,0.0004788178,0.047882
15,saltandpepper_Screen-Shot-2018-06-13-at-12-17-10-AM_png.rf.5faef1d2eccab66843569e45aebea11d.jpg,test\Fresh\saltandpepper_Screen-Shot-2018-06-13-at-12-17-10-AM_png.rf.5faef1d2eccab66843569e45aebea11d.jpg,fresh,fresh,Correct,0.9988228679,99.882287,0.9988228679,99.882287,0.0011771006,0.117710
16,IMG_20200901_181751.jpg_0_1278.jpg,test\Fresh\IMG_20200901_181751.jpg_0_1278.jpg,fresh,fresh,Correct,0.9811888337,98.118883,0.9811888337,98.118883,0.0188112240,1.881122
17,b_f198.png,test\Fresh\b_f198.png,fresh,fresh,Correct,0.9999988079,99.999881,0.9999988079,99.999881,0.0000011353,0.000114
18,tomat_segar (2821).jpg,test\Fresh\tomat_segar (2821).jpg,fresh,fresh,Correct,0.9986032844,99.860328,0.9986032844,99.860328,0.0013967202,0.139672
19,freshCucumber (413).jpg,test\Fresh\freshCucumber (413).jpg,fresh,fresh,Correct,0.9997693896,99.976939,0.9997693896,99.976939,0.0002306206,0.023062
20,vertical_flip_Screen Shot 2018-06-13 at 12.11.02 AM.png,test\Fresh\vertical_flip_Screen Shot 2018-06-13 at 12.11.02 AM.png,fresh,fresh,Correct,0.9998761415,99.987614,0.9998761415,99.987614,0.0001237998,0.012380
21,reject (789).jpg,test\Fresh\reject (789).jpg,fresh,fresh,Correct,0.9997665286,99.976653,0.9997665286,99.976653,0.0002334346,0.023343
22,IMG_20220526_085937.jpg,test\Fresh\IMG_20220526_085937.jpg,fresh,fresh,Correct,0.8184523582,81.845236,0.8184523582,81.845236,0.1815475821,18.154758
23,jeruk_segar (3).jpg,test\Fresh\jeruk_segar (3).jpg,fresh,fresh,Correct,0.9953879714,99.538797,0.9953879714,99.538797,0.0046121110,0.461211
24,rotated_by_30_Screen Shot 2018-06-13 at 12.11.45 AM.png,test\Fresh\rotated_by_30_Screen Shot 2018-06-13 at 12.11.45 AM.png,fresh,fresh,Correct,0.9999872446,99.998724,0.9999872446,99.998724,0.0000128078,0.001281
25,tomat_segar (573).jpg,test\Fresh\tomat_segar (573).jpg,fresh,fresh,Correct,0.9995903373,99.959034,0.9995903373,99.959034,0.0004097194,0.040972
26,IMG_20220525_073215.jpg,test\Fresh\IMG_20220525_073215.jpg,fresh,fresh,Correct,0.9999830723,99.998307,0.9999830723,99.998307,0.0000169698,0.001697
27,freshStrawberry (544).jpg,test\Fresh\freshStrawberry (544).jpg,fresh,fresh,Correct,0.9514614344,95.146143,0.9514614344,95.146143,0.0485386178,4.853862
28,wortel_segar (1513).jpg,test\Fresh\wortel_segar (1513).jpg,fresh,fresh,Correct,0.9999951124,99.999511,0.9999951124,99.999511,0.0000049397,0.000494
29,Test_Black Root Rot_10.jpg,test\Fresh\Test_Black Root Rot_10.jpg,fresh,fresh,Correct,0.9999668598,99.996686,0.9999668598,99.996686,0.0000331782,0.003318
30,IMG_3662_JPEG_jpg.rf.18dbaf50ccc621aa12739e48af1a0c15.jpg,test\Fresh\IMG_3662_JPEG_jpg.rf.18dbaf50ccc621aa12739e48af1a0c15.jpg,fresh,fresh,Correct,0.9760586023,97.605860,0.9760586023,97.605860,0.0239413679,2.394137
31,vertical_flip_Screen Shot 2018-06-12 at 9.42.29 PM.png,test\Fresh\vertical_flip_Screen Shot 2018-06-12 at 9.42.29 PM.png,fresh,fresh,Correct,1.0000000000,100.000000,1.0000000000,100.000000,0.0000000001,0.000000
32,tomat_segar (5708).jpg,test\Fresh\tomat_segar (5708).jpg,fresh,fresh,Correct,0.9999859333,99.998593,0.9999859333,99.998593,0.0000140654,0.001407
33,n07749192_6456_jpg.rf.2896a27abd068dbb10a4e418a4cf9ff7.jpg,test\Fresh\n07749192_6456_jpg.rf.2896a27abd068dbb10a4e418a4cf9ff7.jpg,fresh,fresh,Correct,0.9999827147,99.998271,0.9999827147,99.998271,0.0000173426,0.001734
34,freshApple (759).png,test\Fresh\freshApple (759).png,fresh,fresh,Correct,1.0000000000,100.000000,1.0000000000,100.000000,0.0000000363,0.000004
35,rotated_by_75_Screen Shot 2018-06-08 at 5.09.40 PM.png,test\Fresh\rotated_by_75_Screen Shot 2018-06-08 at 5.09.40 PM.png,fresh,fresh,Correct,0.9996877909,99.968779,0.9996877909,99.968779,0.0003122408,0.031224
36,wortel_segar (2112).jpg,test\Fresh\wortel_segar (2112).jpg,fresh,fresh,Correct,1.0000000000,100.000000,1.0000000000,100.000000,0.0000000381,0.000004
37,rotated_by_60_Screen-Shot-2018-06-12-at-11-20-52-PM_png.rf.3e22fe4c6fb6148219cb5254ea5a227d.jpg,test\Fresh\rotated_by_60_Screen-Shot-2018-06-12-at-11-20-52-PM_png.rf.3e22fe4c6fb6148219cb5254ea5a227d.jpg,fresh,rotten,Incorrect,0.9509246945,95.092469,0.0490752682,4.907527,0.9509246945,95.092469
38,1223_jpg.rf.e7b016a74e1fd9083699db9b5984ecd2.jpg,test\Fresh\1223_jpg.rf.e7b016a74e1fd9083699db9b5984ecd2.jpg,fresh,fresh,Correct,0.9980776310,99.807763,0.9980776310,99.807763,0.0019223089,0.192231
39,IMG_20200825_144655.jpg_0_220.jpg,test\Fresh\IMG_20200825_144655.jpg_0_220.jpg,fresh,fresh,Correct,0.9999904633,99.999046,0.9999904633,99.999046,0.0000095393,0.000954
40,b_f206.png,test\Fresh\b_f206.png,fresh,fresh,Correct,1.0000000000,100.000000,1.0000000000,100.000000,0.0000000182,0.000002
41,t_f435.png,test\Fresh\t_f435.png,fresh,fresh,Correct,0.9961563945,99.615639,0.9961563945,99.615639,0.0038435734,0.384357
42,tomat_segar (1633).jpg,test\Fresh\tomat_segar (1633).jpg,fresh,fresh,Correct,0.9991424084,99.914241,0.9991424084,99.914241,0.0008575373,0.085754
43,125_jpg.rf.61ed50f0a057170ff451ccb5e6e13618.jpg,test\Fresh\125_jpg.rf.61ed50f0a057170ff451ccb5e6e13618.jpg,fresh,fresh,Correct,0.9994162321,99.941623,0.9994162321,99.941623,0.0005838425,0.058384
44,26408936252_jpg.rf.68c2fe0016f202b1d82211a4049b2280.jpg,test\Fresh\26408936252_jpg.rf.68c2fe0016f202b1d82211a4049b2280.jpg,fresh,fresh,Correct,0.9999877214,99.998772,0.9999877214,99.998772,0.0000122417,0.001224
45,freshPotato (1).png,test\Fresh\freshPotato (1).png,fresh,fresh,Correct,0.9997401834,99.974018,0.9997401834,99.974018,0.0002597576,0.025976
46,KakaoTalk_20230809_191311559_07_jpg.rf.28094276fe3a4265d00e50b625e2f170.jpg,test\Fresh\KakaoTalk_20230809_191311559_07_jpg.rf.28094276fe3a4265d00e50b625e2f170.jpg,fresh,fresh,Correct,0.9998873472,99.988735,0.9998873472,99.988735,0.0001126825,0.011268
47,tomat_segar (4144).jpg,test\Fresh\tomat_segar (4144).jpg,fresh,fresh,Correct,0.9999927282,99.999273,0.9999927282,99.999273,0.0000072167,0.000722
48,freshCucumber (556).jpg,test\Fresh\freshCucumber (556).jpg,fresh,fresh,Correct,0.9998435974,99.984360,0.9998435974,99.984360,0.0001563639,0.015636
49,freshCucumber (533).jpg,test\Fresh\freshCucumber (533).jpg,fresh,fresh,Correct,0.9999742508,99.997425,0.9999742508,99.997425,0.0000257113,0.002571
50,tomat_segar (2547).jpg,test\Fresh\tomat_segar (2547).jpg,fresh,fresh,Correct,0.9904210567,99.042106,0.9904210567,99.042106,0.0095789041,0.957890
51,freshCucumber (433).jpg,test\Fresh\freshCucumber (433).jpg,fresh,fresh,Correct,0.9948195815,99.481958,0.9948195815,99.481958,0.0051804157,0.518042
52,images49_jpg.rf.c8835b37fbd791d449e1124f7e4762cf.jpg,test\Fresh\images49_jpg.rf.c8835b37fbd791d449e1124f7e4762cf.jpg,fresh,fresh,Correct,0.9999034405,99.990344,0.9999034405,99.990344,0.0000965141,0.009651
53,r_103_100_jpg.rf.45c80e60426d938c0a93037f6d9c8629.jpg,test\Fresh\r_103_100_jpg.rf.45c80e60426d938c0a93037f6d9c8629.jpg,fresh,fresh,Correct,0.9999969006,99.999690,0.9999969006,99.999690,0.0000031320,0.000313
54,16521158729638_jpg.rf.3c9c7a3c23050c4c17bb325ce8a00ac3.jpg,test\Fresh\16521158729638_jpg.rf.3c9c7a3c23050c4c17bb325ce8a00ac3.jpg,fresh,fresh,Correct,0.9999872446,99.998724,0.9999872446,99.998724,0.0000127486,0.001275
55,tomat_segar (4882).jpg,test\Fresh\tomat_segar (4882).jpg,fresh,fresh,Correct,0.9999988079,99.999881,0.9999988079,99.999881,0.0000011706,0.000117
56,freshCarrot (121).jpg,test\Fresh\freshCarrot (121).jpg,fresh,fresh,Correct,0.9962402582,99.624026,0.9962402582,99.624026,0.0037597013,0.375970
57,rotated_by_15_Screen Shot 2018-06-08 at 5.04.42 PM.png,test\Fresh\rotated_by_15_Screen Shot 2018-06-08 at 5.04.42 PM.png,fresh,fresh,Correct,0.9959592223,99.595922,0.9959592223,99.595922,0.0040408135,0.404081
58,Carrot-Pumpkins-2_jpg.rf.9766a7b5b74798a150c36c2355886e2f.jpg,test\Fresh\Carrot-Pumpkins-2_jpg.rf.9766a7b5b74798a150c36c2355886e2f.jpg,fresh,fresh,Correct,0.9990602136,99.906021,0.9990602136,99.906021,0.0009398495,0.093985
59,KakaoTalk_20230809_191311559_20_jpg.rf.956d4eb54d2f6047ab2f2b9fb8ff66a4.jpg,test\Fresh\KakaoTalk_20230809_191311559_20_jpg.rf.956d4eb54d2f6047ab2f2b9fb8ff66a4.jpg,fresh,fresh,Correct,0.9986672401,99.866724,0.9986672401,99.866724,0.0013327365,0.133274
60,wortel_segar (1327).jpg,test\Fresh\wortel_segar (1327).jpg,fresh,fresh,Correct,0.9976037145,99.760371,0.9976037145,99.760371,0.0023962769,0.239628
61,49_jpg.rf.91fa90017b41edb02b9ea3e70519f854.jpg,test\Fresh\49_jpg.rf.91fa90017b41edb02b9ea3e70519f854.jpg,fresh,fresh,Correct,0.9999951124,99.999511,0.9999951124,99.999511,0.0000049063,0.000491
62,Day1A.jpg_0_4054.jpg,test\Fresh\Day1A.jpg_0_4054.jpg,fresh,fresh,Correct,0.9999970198,99.999702,0.9999970198,99.999702,0.0000029907,0.000299
63,freshPotato (230).jpg,test\Fresh\freshPotato (230).jpg,fresh,fresh,Correct,0.9985502362,99.855024,0.9985502362,99.855024,0.0014497236,0.144972
64,o_f020.png,test\Fresh\o_f020.png,fresh,fresh,Correct,0.9923306704,99.233067,0.9923306704,99.233067,0.0076692631,0.766926
65,freshCarrot (283).jpg,test\Fresh\freshCarrot (283).jpg,fresh,fresh,Correct,0.9999994040,99.999940,0.9999994040,99.999940,0.0000005672,0.000057
66,wortel_segar (1968).jpg,test\Fresh\wortel_segar (1968).jpg,fresh,fresh,Correct,0.9996566772,99.965668,0.9996566772,99.965668,0.0003433484,0.034335
67,rotated_by_15_Screen Shot 2018-06-13 at 12.15.13 AM.png,test\Fresh\rotated_by_15_Screen Shot 2018-06-13 at 12.15.13 AM.png,fresh,fresh,Correct,0.9997467399,99.974674,0.9997467399,99.974674,0.0002533068,0.025331
68,freshPepper (377).jpg,test\Fresh\freshPepper (377).jpg,fresh,fresh,Correct,0.9995967746,99.959677,0.9995967746,99.959677,0.0004032931,0.040329
69,jeruk_s (51).jpg,test\Fresh\jeruk_s (51).jpg,fresh,fresh,Correct,0.9999917746,99.999177,0.9999917746,99.999177,0.0000081776,0.000818
70,IMG_20200822_223854.jpg_0_8789.jpg,test\Fresh\IMG_20200822_223854.jpg_0_8789.jpg,fresh,fresh,Correct,0.9989740849,99.897408,0.9989740849,99.897408,0.0010259799,0.102598
71,rotated_by_30_Screen Shot 2018-06-08 at 5.25.43 PM.png,test\Fresh\rotated_by_30_Screen Shot 2018-06-08 at 5.25.43 PM.png,fresh,fresh,Correct,0.9663943052,96.639431,0.9663943052,96.639431,0.0336056873,3.360569
72,tomat_segar (2629).jpg,test\Fresh\tomat_segar (2629).jpg,fresh,fresh,Correct,0.9995332956,99.953330,0.9995332956,99.953330,0.0004667119,0.046671
73,freshCarrot (160).jpg,test\Fresh\freshCarrot (160).jpg,fresh,fresh,Correct,0.9999824762,99.998248,0.9999824762,99.998248,0.0000175051,0.001751
74,tomat_segar (2340).jpg,test\Fresh\tomat_segar (2340).jpg,fresh,fresh,Correct,0.9987194538,99.871945,0.9987194538,99.871945,0.0012805883,0.128059
75,o_f292.png,test\Fresh\o_f292.png,fresh,fresh,Correct,0.9985786676,99.857867,0.9985786676,99.857867,0.0014213321,0.142133
76,tomat_segar (1472).jpg,test\Fresh\tomat_segar (1472).jpg,fresh,fresh,Correct,0.9999432564,99.994326,0.9999432564,99.994326,0.0000566871,0.005669
77,tomat_segar (41).png,test\Fresh\tomat_segar (41).png,fresh,fresh,Correct,1.0000000000,100.000000,1.0000000000,100.000000,0.0000000046,0.000000
78,jeruk_segar (380).png,test\Fresh\jeruk_segar (380).png,fresh,fresh,Correct,0.9836677909,98.366779,0.9836677909,98.366779,0.0163322370,1.633224
79,o (1994).jpg,test\Fresh\o (1994).jpg,fresh,fresh,Correct,0.9952403307,99.524033,0.9952403307,99.524033,0.0047596456,0.475965
80,tomat_segar (5694).jpg,test\Fresh\tomat_segar (5694).jpg,fresh,fresh,Correct,0.9968122840,99.681228,0.9968122840,99.681228,0.0031877081,0.318771
81,img_451_jpeg.rf.d8a9c1bfa7492b5098ee5e4d1178fce6.jpg,test\Fresh\img_451_jpeg.rf.d8a9c1bfa7492b5098ee5e4d1178fce6.jpg,fresh,fresh,Correct,0.9999160767,99.991608,0.9999160767,99.991608,0.0000838714,0.008387
82,t_f657.png,test\Fresh\t_f657.png,fresh,fresh,Correct,0.9997426867,99.974269,0.9997426867,99.974269,0.0002573171,0.025732
83,IMG_20200825_144644.jpg_0_7989.jpg,test\Fresh\IMG_20200825_144644.jpg_0_7989.jpg,fresh,fresh,Correct,0.9999996424,99.999964,0.9999996424,99.999964,0.0000003081,0.000031
84,IMG_20220606_093546.jpg,test\Fresh\IMG_20220606_093546.jpg,fresh,fresh,Correct,0.9987994432,99.879944,0.9987994432,99.879944,0.0012005377,0.120054
85,freshPotato (454).jpg,test\Fresh\freshPotato (454).jpg,fresh,fresh,Correct,0.9983910322,99.839103,0.9983910322,99.839103,0.0016089702,0.160897
86,IMG_20231116_111806_jpg.rf.5933168408f13b4282e3564a0067e28a.jpg,test\Fresh\IMG_20231116_111806_jpg.rf.5933168408f13b4282e3564a0067e28a.jpg,fresh,fresh,Correct,0.9988595247,99.885952,0.9988595247,99.885952,0.0011404705,0.114047
87,IMG_20200725_095418.jpg_0_3595.jpg,test\Fresh\IMG_20200725_095418.jpg_0_3595.jpg,fresh,fresh,Correct,0.9977032542,99.770325,0.9977032542,99.770325,0.0022967225,0.229672
88,b_f812.png,test\Fresh\b_f812.png,fresh,fresh,Correct,1.0000000000,100.000000,1.0000000000,100.000000,0.0000000006,0.000000
89,tomat_segar (3343).jpg,test\Fresh\tomat_segar (3343).jpg,fresh,fresh,Correct,0.9999995232,99.999952,0.9999995232,99.999952,0.0000004222,0.000042
90,tomat_segar (3650).jpg,test\Fresh\tomat_segar (3650).jpg,fresh,fresh,Correct,0.9999535084,99.995351,0.9999535084,99.995351,0.0000464601,0.004646
91,freshMango (26).jpg,test\Fresh\freshMango (26).jpg,fresh,fresh,Correct,0.9972459078,99.724591,0.9972459078,99.724591,0.0027541416,0.275414
92,wortel_segar (1475).jpg,test\Fresh\wortel_segar (1475).jpg,fresh,fresh,Correct,0.9999995232,99.999952,0.9999995232,99.999952,0.0000005192,0.000052
93,wortel_segar (1821).jpg,test\Fresh\wortel_segar (1821).jpg,fresh,fresh,Correct,0.9999996424,99.999964,0.9999996424,99.999964,0.0000003362,0.000034
94,Screen-Shot-2018-06-13-at-12-10-04-AM_png.rf.9d2be9b78efc34489074caae6082d149.jpg,test\Fresh\Screen-Shot-2018-06-13-at-12-10-04-AM_png.rf.9d2be9b78efc34489074caae6082d149.jpg,fresh,fresh,Correct,0.9999325275,99.993253,0.9999325275,99.993253,0.0000675233,0.006752
95,A260109XX_10225_jpg.rf.969c860e6a1789d973d6a6e81ae624d5.jpg,test\Fresh\A260109XX_10225_jpg.rf.969c860e6a1789d973d6a6e81ae624d5.jpg,fresh,fresh,Correct,0.9962114096,99.621141,0.9962114096,99.621141,0.0037886275,0.378863
96,IMG_20220527_090207.jpg,test\Fresh\IMG_20220527_090207.jpg,fresh,fresh,Correct,0.9847479463,98.474795,0.9847479463,98.474795,0.0152520742,1.525207
97,Carrot test_18.jpg,test\Fresh\Carrot test_18.jpg,fresh,fresh,Correct,0.9950205088,99.502051,0.9950205088,99.502051,0.0049794456,0.497945
98,freshPepper (427).jpg,test\Fresh\freshPepper (427).jpg,fresh,fresh,Correct,0.9984219074,99.842191,0.9984219074,99.842191,0.0015780982,0.157810
99,freshMango (40).jpg,test\Fresh\freshMango (40).jpg,fresh,fresh,Correct,0.9990818501,99.908185,0.9990818501,99.908185,0.0009181201,0.091812
100,jeruk_segar (584).png,test\Fresh\jeruk_segar (584).png,fresh,fresh,Correct,0.9999994040,99.999940,0.9999994040,99.999940,0.0000006012,0.000060
101,tomat_segar (1865).jpg,test\Fresh\tomat_segar (1865).jpg,fresh,fresh,Correct,0.9955521226,99.555212,0.9955521226,99.555212,0.0044478639,0.444786
102,freshCucumber (311).jpg,test\Fresh\freshCucumber (311).jpg,fresh,fresh,Correct,0.9822631478,98.226315,0.9822631478,98.226315,0.0177368205,1.773682
103,jeruk_segar (288).png,test\Fresh\jeruk_segar (288).png,fresh,fresh,Correct,0.9982048273,99.820483,0.9982048273,99.820483,0.0017951148,0.179511
104,freshBanana (119).png,test\Fresh\freshBanana (119).png,fresh,fresh,Correct,0.9999436140,99.994361,0.9999436140,99.994361,0.0000564279,0.005643
105,carrot_-71_jpg.rf.1754da1b832627be8f5f62752e78a5dc.jpg,test\Fresh\carrot_-71_jpg.rf.1754da1b832627be8f5f62752e78a5dc.jpg,fresh,fresh,Correct,0.9999654293,99.996543,0.9999654293,99.996543,0.0000345975,0.003460
106,tomat_segar (214).png,test\Fresh\tomat_segar (214).png,fresh,fresh,Correct,1.0000000000,100.000000,1.0000000000,100.000000,0.0000000028,0.000000
107,oranges_png.rf.808317577ab0393731618a5dbb2569b7.jpg,test\Fresh\oranges_png.rf.808317577ab0393731618a5dbb2569b7.jpg,fresh,fresh,Correct,0.9999945164,99.999452,0.9999945164,99.999452,0.0000054954,0.000550
108,jeruk_s (373).jpg,test\Fresh\jeruk_s (373).jpg,fresh,fresh,Correct,0.9996749163,99.967492,0.9996749163,99.967492,0.0003251109,0.032511
109,000017_jpg.rf.1e051d1e05a584e9f62b78b8b96bff4b.jpg,test\Fresh\000017_jpg.rf.1e051d1e05a584e9f62b78b8b96bff4b.jpg,fresh,fresh,Correct,0.9999985695,99.999857,0.9999985695,99.999857,0.0000014125,0.000141
110,r_283_100_jpg.rf.b3c8b59e4ba55a0342a26223b044bdfd.jpg,test\Fresh\r_283_100_jpg.rf.b3c8b59e4ba55a0342a26223b044bdfd.jpg,fresh,fresh,Correct,0.9999974966,99.999750,0.9999974966,99.999750,0.0000025302,0.000253
111,Screen Shot 2018-06-08 at 5.15.45 PM.png,test\Fresh\Screen Shot 2018-06-08 at 5.15.45 PM.png,fresh,fresh,Correct,0.9999667406,99.996674,0.9999667406,99.996674,0.0000333042,0.003330
112,wortel_s (285).jpg,test\Fresh\wortel_s (285).jpg,fresh,fresh,Correct,0.9245447516,92.454475,0.9245447516,92.454475,0.0754552633,7.545526
113,freshCarrot (297).jpg,test\Fresh\freshCarrot (297).jpg,fresh,fresh,Correct,0.9999921322,99.999213,0.9999921322,99.999213,0.0000078130,0.000781
114,jeruk_segar (272).jpg,test\Fresh\jeruk_segar (272).jpg,fresh,fresh,Correct,0.9992075562,99.920756,0.9992075562,99.920756,0.0007924575,0.079246
115,rotated_by_30_Screen Shot 2018-06-12 at 10.01.41 PM.png,test\Fresh\rotated_by_30_Screen Shot 2018-06-12 at 10.01.41 PM.png,fresh,fresh,Correct,1.0000000000,100.000000,1.0000000000,100.000000,0.0000000006,0.000000
116,freshApple (682).png,test\Fresh\freshApple (682).png,fresh,fresh,Correct,0.9999929667,99.999297,0.9999929667,99.999297,0.0000070628,0.000706
117,6_jpg.rf.1727cd1607bed3212215bd0e62431289.jpg,test\Fresh\6_jpg.rf.1727cd1607bed3212215bd0e62431289.jpg,fresh,fresh,Correct,0.9999995232,99.999952,0.9999995232,99.999952,0.0000004450,0.000044
118,saltandpepper_Screen Shot 2018-06-13 at 12.08.29 AM.png,test\Fresh\saltandpepper_Screen Shot 2018-06-13 at 12.08.29 AM.png,fresh,fresh,Correct,0.9999560118,99.995601,0.9999560118,99.995601,0.0000440264,0.004403
119,105_jpg.rf.54883844cfa38e3a052908f6607805b5.jpg,test\Fresh\105_jpg.rf.54883844cfa38e3a052908f6607805b5.jpg,fresh,fresh,Correct,0.9999998808,99.999988,0.9999998808,99.999988,0.0000000617,0.000006
120,reject (340).jpg,test\Fresh\reject (340).jpg,fresh,fresh,Correct,0.9999120235,99.991202,0.9999120235,99.991202,0.0000879928,0.008799
121,o (1570).jpg,test\Fresh\o (1570).jpg,fresh,fresh,Correct,0.9870365858,98.703659,0.9870365858,98.703659,0.0129633546,1.296335
122,tomat_segar (2929).jpg,test\Fresh\tomat_segar (2929).jpg,fresh,fresh,Correct,0.9999952316,99.999523,0.9999952316,99.999523,0.0000047623,0.000476
123,rotated_by_30_Screen Shot 2018-06-08 at 5.07.26 PM.png,test\Fresh\rotated_by_30_Screen Shot 2018-06-08 at 5.07.26 PM.png,fresh,fresh,Correct,0.9999998808,99.999988,0.9999998808,99.999988,0.0000001520,0.000015
124,t_f101.png,test\Fresh\t_f101.png,fresh,fresh,Correct,0.9966795444,99.667954,0.9966795444,99.667954,0.0033204481,0.332045
125,tomat_segar (6242).jpg,test\Fresh\tomat_segar (6242).jpg,fresh,fresh,Correct,0.9970345497,99.703455,0.9970345497,99.703455,0.0029653993,0.296540
126,tomat_segar (1717).jpg,test\Fresh\tomat_segar (1717).jpg,fresh,fresh,Correct,0.9999970198,99.999702,0.9999970198,99.999702,0.0000029831,0.000298
127,rotated_by_30_Screen Shot 2018-06-12 at 9.41.26 PM.png,test\Fresh\rotated_by_30_Screen Shot 2018-06-12 at 9.41.26 PM.png,fresh,fresh,Correct,1.0000000000,100.000000,1.0000000000,100.000000,0.0000000031,0.000000
128,141_jpg.rf.c834a6ed01ccf59bfa9f4701e7190134.jpg,test\Fresh\141_jpg.rf.c834a6ed01ccf59bfa9f4701e7190134.jpg,fresh,fresh,Correct,0.9999868870,99.998689,0.9999868870,99.998689,0.0000131554,0.001316
129,tomato1_6.jpg_0_917.jpg,test\Fresh\tomato1_6.jpg_0_917.jpg,fresh,fresh,Correct,1.0000000000,100.000000,1.0000000000,100.000000,0.0000000063,0.000001
130,capsicum3_4.jpg_0_7454.jpg,test\Fresh\capsicum3_4.jpg_0_7454.jpg,fresh,fresh,Correct,0.9999916553,99.999166,0.9999916553,99.999166,0.0000083678,0.000837
131,IMG_20220606_094050.jpg,test\Fresh\IMG_20220606_094050.jpg,fresh,fresh,Correct,0.9999276400,99.992764,0.9999276400,99.992764,0.0000723044,0.007230
132,tomat_segar (4058).jpg,test\Fresh\tomat_segar (4058).jpg,fresh,fresh,Correct,0.9999718666,99.997187,0.9999718666,99.997187,0.0000281640,0.002816
133,20220413_191547_jpg.rf.f756abf933491c5ce655b6011b3f09ba.jpg,test\Fresh\20220413_191547_jpg.rf.f756abf933491c5ce655b6011b3f09ba.jpg,fresh,fresh,Correct,0.9999992847,99.999928,0.9999992847,99.999928,0.0000007652,0.000077
134,rotated_by_60_Screen Shot 2018-06-13 at 12.06.10 AM.png,test\Fresh\rotated_by_60_Screen Shot 2018-06-13 at 12.06.10 AM.png,fresh,fresh,Correct,0.9993845224,99.938452,0.9993845224,99.938452,0.0006154411,0.061544
135,tomat_segar (3730).jpg,test\Fresh\tomat_segar (3730).jpg,fresh,fresh,Correct,0.9999988079,99.999881,0.9999988079,99.999881,0.0000011486,0.000115
136,freshOrange (16).jpg,test\Fresh\freshOrange (16).jpg,fresh,fresh,Correct,0.9994051456,99.940515,0.9994051456,99.940515,0.0005948716,0.059487
137,t_f252.png,test\Fresh\t_f252.png,fresh,fresh,Correct,0.9961563945,99.615639,0.9961563945,99.615639,0.0038435734,0.384357
138,wortel_s (119).jpg,test\Fresh\wortel_s (119).jpg,fresh,fresh,Correct,0.9905603528,99.056035,0.9905603528,99.056035,0.0094396863,0.943969
139,b_f275.png,test\Fresh\b_f275.png,fresh,fresh,Correct,0.9999998808,99.999988,0.9999998808,99.999988,0.0000001503,0.000015
140,saltandpepper_Screen Shot 2018-06-08 at 5.06.19 PM.png,test\Fresh\saltandpepper_Screen Shot 2018-06-08 at 5.06.19 PM.png,fresh,fresh,Correct,0.9994125366,99.941254,0.9994125366,99.941254,0.0005875324,0.058753
141,freshStrawberry (97).jpg,test\Fresh\freshStrawberry (97).jpg,fresh,fresh,Correct,0.9998890162,99.988902,0.9998890162,99.988902,0.0001109540,0.011095
142,tomat_segar (4667).jpg,test\Fresh\tomat_segar (4667).jpg,fresh,fresh,Correct,0.9968826771,99.688268,0.9968826771,99.688268,0.0031173504,0.311735
143,b_f106.png,test\Fresh\b_f106.png,fresh,fresh,Correct,1.0000000000,100.000000,1.0000000000,100.000000,0.0000000002,0.000000
144,b_f171.png,test\Fresh\b_f171.png,fresh,fresh,Correct,1.0000000000,100.000000,1.0000000000,100.000000,0.0000000021,0.000000
145,p_f482.png,test\Fresh\p_f482.png,fresh,fresh,Correct,0.9996973276,99.969733,0.9996973276,99.969733,0.0003027384,0.030274
146,freshCarrot (516).jpg,test\Fresh\freshCarrot (516).jpg,fresh,fresh,Correct,0.9817360044,98.173600,0.9817360044,98.173600,0.0182640739,1.826407
147,freshPepper (550).jpg,test\Fresh\freshPepper (550).jpg,fresh,fresh,Correct,0.9999973774,99.999738,0.9999973774,99.999738,0.0000026691,0.000267
148,rotated_by_45_Screen Shot 2018-06-08 at 5.25.33 PM.png,test\Fresh\rotated_by_45_Screen Shot 2018-06-08 at 5.25.33 PM.png,fresh,fresh,Correct,0.9998633862,99.986339,0.9998633862,99.986339,0.0001365772,0.013658
149,carrot_0004_jpg.rf.3d5291712dea21d481cdf0f760c8bfb3.jpg,test\Fresh\carrot_0004_jpg.rf.3d5291712dea21d481cdf0f760c8bfb3.jpg,fresh,fresh,Correct,0.9349065423,93.490654,0.9349065423,93.490654,0.0650934651,6.509347
150,IMG_20220604_093039.jpg,test\Fresh\IMG_20220604_093039.jpg,fresh,fresh,Correct,0.9997097850,99.970978,0.9997097850,99.970978,0.0002902117,0.029021
151,IMG_20231115_185331_jpg.rf.96e8bf3dc84b811757b868485b8aab6a.jpg,test\Rotten\IMG_20231115_185331_jpg.rf.96e8bf3dc84b811757b868485b8aab6a.jpg,rotten,rotten,Correct,1.0000000000,100.000000,0.0000000082,0.000001,1.0000000000,100.000000
152,rottenPepper (490).jpg,test\Rotten\rottenPepper (490).jpg,rotten,rotten,Correct,0.9993757606,99.937576,0.0006242752,0.062428,0.9993757606,99.937576
153,b_r228.png,test\Rotten\b_r228.png,rotten,rotten,Correct,0.9999984503,99.999845,0.0000015987,0.000160,0.9999984503,99.999845
154,(148)_1.jpg,test\Rotten\(148)_1.jpg,rotten,rotten,Correct,0.9989419580,99.894196,0.0010580159,0.105802,0.9989419580,99.894196
155,rotated_by_30_Screen Shot 2018-06-12 at 11.40.11 PM.png,test\Rotten\rotated_by_30_Screen Shot 2018-06-12 at 11.40.11 PM.png,rotten,rotten,Correct,1.0000000000,100.000000,0.0000000051,0.000001,1.0000000000,100.000000
156,rotated_by_75_Screen Shot 2018-06-12 at 9.11.35 PM.png,test\Rotten\rotated_by_75_Screen Shot 2018-06-12 at 9.11.35 PM.png,rotten,rotten,Correct,1.0000000000,100.000000,0.0000000000,0.000000,1.0000000000,100.000000
157,WhatsApp Image 2020-11-07 at 11.35.36 PM(1).jpg_0_121.jpg,test\Rotten\WhatsApp Image 2020-11-07 at 11.35.36 PM(1).jpg_0_121.jpg,rotten,rotten,Correct,0.9990373850,99.903738,0.0009626041,0.096260,0.9990373850,99.903738
158,WhatsApp Image 2020-11-07 at 11.30.47 PM (1).jpg_0_577.jpg,test\Rotten\WhatsApp Image 2020-11-07 at 11.30.47 PM (1).jpg_0_577.jpg,rotten,rotten,Correct,0.9985973239,99.859732,0.0014026667,0.140267,0.9985973239,99.859732
159,(144).jpg,test\Rotten\(144).jpg,rotten,rotten,Correct,0.9999251366,99.992514,0.0000748223,0.007482,0.9999251366,99.992514
160,WhatsApp Image 2020-11-07 at 11.35.37 PM.jpeg_0_5319.jpg,test\Rotten\WhatsApp Image 2020-11-07 at 11.35.37 PM.jpeg_0_5319.jpg,rotten,rotten,Correct,0.9999383688,99.993837,0.0000616120,0.006161,0.9999383688,99.993837
161,rottenTomato (337).jpg,test\Rotten\rottenTomato (337).jpg,rotten,rotten,Correct,0.9990565181,99.905652,0.0009434282,0.094343,0.9990565181,99.905652
162,saltandpepper_Screen Shot 2018-06-12 at 11.46.10 PM.png,test\Rotten\saltandpepper_Screen Shot 2018-06-12 at 11.46.10 PM.png,rotten,fresh,Incorrect,0.6079455614,60.794556,0.6079455614,60.794556,0.3920544088,39.205441
163,translation_Screen Shot 2018-06-12 at 11.25.25 PM.png,test\Rotten\translation_Screen Shot 2018-06-12 at 11.25.25 PM.png,rotten,rotten,Correct,0.9992474318,99.924743,0.0007525944,0.075259,0.9992474318,99.924743
164,(9).jpg,test\Rotten\(9).jpg,rotten,rotten,Correct,0.9892806411,98.928064,0.0107193245,1.071932,0.9892806411,98.928064
165,rottenMango (420).jpg,test\Rotten\rottenMango (420).jpg,rotten,rotten,Correct,0.9999748468,99.997485,0.0000251167,0.002512,0.9999748468,99.997485
166,o_r209.png,test\Rotten\o_r209.png,rotten,rotten,Correct,0.9997090697,99.970907,0.0002909079,0.029091,0.9997090697,99.970907
167,rotated_by_60_Screen Shot 2018-06-07 at 2.51.01 PM.png,test\Rotten\rotated_by_60_Screen Shot 2018-06-07 at 2.51.01 PM.png,rotten,rotten,Correct,0.9999949932,99.999499,0.0000050143,0.000501,0.9999949932,99.999499
168,rottenTomato (378).jpg,test\Rotten\rottenTomato (378).jpg,rotten,rotten,Correct,0.9999973774,99.999738,0.0000026692,0.000267,0.9999973774,99.999738
169,rottenOrange (480).jpg,test\Rotten\rottenOrange (480).jpg,rotten,fresh,Incorrect,0.7442814112,74.428141,0.7442814112,74.428141,0.2557186484,25.571865
170,rotated_by_60_Screen Shot 2018-06-12 at 9.07.19 PM.png,test\Rotten\rotated_by_60_Screen Shot 2018-06-12 at 9.07.19 PM.png,rotten,rotten,Correct,0.9999998808,99.999988,0.0000001590,0.000016,0.9999998808,99.999988
171,p_r545.png,test\Rotten\p_r545.png,rotten,rotten,Correct,0.9864185452,98.641855,0.0135814790,1.358148,0.9864185452,98.641855
172,IMG_20200824_182221.jpg_0_4951.jpg,test\Rotten\IMG_20200824_182221.jpg_0_4951.jpg,rotten,rotten,Correct,0.9371160865,93.711609,0.0628839359,6.288394,0.9371160865,93.711609
173,rottenPotato (216).jpg,test\Rotten\rottenPotato (216).jpg,rotten,rotten,Correct,0.9348766804,93.487668,0.0651233047,6.512330,0.9348766804,93.487668
174,Screen Shot 2018-06-12 at 11.42.10 PM.png,test\Rotten\Screen Shot 2018-06-12 at 11.42.10 PM.png,rotten,rotten,Correct,0.9995772243,99.957722,0.0004227927,0.042279,0.9995772243,99.957722
175,vertical_flip_Screen Shot 2018-06-12 at 11.19.16 PM.png,test\Rotten\vertical_flip_Screen Shot 2018-06-12 at 11.19.16 PM.png,rotten,rotten,Correct,0.9893488884,98.934889,0.0106511200,1.065112,0.9893488884,98.934889
176,rotated_by_45_Screen Shot 2018-06-12 at 11.22.05 PM.png,test\Rotten\rotated_by_45_Screen Shot 2018-06-12 at 11.22.05 PM.png,rotten,rotten,Correct,1.0000000000,100.000000,0.0000000005,0.000000,1.0000000000,100.000000
177,Screen Shot 2018-06-08 at 2.35.03 PM.png,test\Rotten\Screen Shot 2018-06-08 at 2.35.03 PM.png,rotten,rotten,Correct,0.9851922989,98.519230,0.0148076788,1.480768,0.9851922989,98.519230
178,t_r068.png,test\Rotten\t_r068.png,rotten,rotten,Correct,0.9999504089,99.995041,0.0000495993,0.004960,0.9999504089,99.995041
179,vertical_flip_Screen Shot 2018-06-12 at 11.24.17 PM.png,test\Rotten\vertical_flip_Screen Shot 2018-06-12 at 11.24.17 PM.png,rotten,rotten,Correct,0.9999996424,99.999964,0.0000003653,0.000037,0.9999996424,99.999964
180,(136).jpg,test\Rotten\(136).jpg,rotten,rotten,Correct,0.9945846200,99.458462,0.0054154308,0.541543,0.9945846200,99.458462
181,rotated_by_45_Screen Shot 2018-06-12 at 11.40.23 PM.png,test\Rotten\rotated_by_45_Screen Shot 2018-06-12 at 11.40.23 PM.png,rotten,rotten,Correct,1.0000000000,100.000000,0.0000000058,0.000001,1.0000000000,100.000000
182,WhatsApp Image 2020-11-07 at 11.35.37 PM.jpg_0_6695.jpg,test\Rotten\WhatsApp Image 2020-11-07 at 11.35.37 PM.jpg_0_6695.jpg,rotten,rotten,Correct,0.9999860525,99.998605,0.0000139654,0.001397,0.9999860525,99.998605
183,rottenPotato (467).jpg,test\Rotten\rottenPotato (467).jpg,rotten,rotten,Correct,0.9998698235,99.986982,0.0001301543,0.013015,0.9998698235,99.986982
184,d (521).jpg,test\Rotten\d (521).jpg,rotten,rotten,Correct,0.8491725326,84.917253,0.1508274823,15.082748,0.8491725326,84.917253
185,(235).jpg,test\Rotten\(235).jpg,rotten,rotten,Correct,0.9997207522,99.972075,0.0002792309,0.027923,0.9997207522,99.972075
186,IMG_20200824_182241.jpg_0_6690.jpg,test\Rotten\IMG_20200824_182241.jpg_0_6690.jpg,rotten,rotten,Correct,0.9999915361,99.999154,0.0000084330,0.000843,0.9999915361,99.999154
187,rottenStrawberry (383).jpg,test\Rotten\rottenStrawberry (383).jpg,rotten,rotten,Correct,0.9995741248,99.957412,0.0004259307,0.042593,0.9995741248,99.957412
188,rottenBanana (487).jpg,test\Rotten\rottenBanana (487).jpg,rotten,rotten,Correct,0.9999916553,99.999166,0.0000083184,0.000832,0.9999916553,99.999166
189,o_r317.png,test\Rotten\o_r317.png,rotten,rotten,Correct,0.9739070535,97.390705,0.0260929316,2.609293,0.9739070535,97.390705
190,IMG_20231115_185254_jpg.rf.5ffc00728ae4359a5296ee575907bee2.jpg,test\Rotten\IMG_20231115_185254_jpg.rf.5ffc00728ae4359a5296ee575907bee2.jpg,rotten,rotten,Correct,0.9999939203,99.999392,0.0000060739,0.000607,0.9999939203,99.999392
191,rotated_by_60_Screen Shot 2018-06-12 at 9.23.15 PM.png,test\Rotten\rotated_by_60_Screen Shot 2018-06-12 at 9.23.15 PM.png,rotten,rotten,Correct,0.9999909401,99.999094,0.0000090821,0.000908,0.9999909401,99.999094
192,rotated_by_15_Screen Shot 2018-06-12 at 11.32.04 PM.png,test\Rotten\rotated_by_15_Screen Shot 2018-06-12 at 11.32.04 PM.png,rotten,rotten,Correct,0.9999799728,99.997997,0.0000200210,0.002002,0.9999799728,99.997997
193,translation_Screen Shot 2018-06-12 at 8.52.37 PM.png,test\Rotten\translation_Screen Shot 2018-06-12 at 8.52.37 PM.png,rotten,rotten,Correct,1.0000000000,100.000000,0.0000000190,0.000002,1.0000000000,100.000000
194,rotated_by_30_Screen Shot 2018-06-12 at 9.04.41 PM.png,test\Rotten\rotated_by_30_Screen Shot 2018-06-12 at 9.04.41 PM.png,rotten,rotten,Correct,0.9999994040,99.999940,0.0000005889,0.000059,0.9999994040,99.999940
195,rotated_by_45_Screen Shot 2018-06-12 at 8.58.43 PM.png,test\Rotten\rotated_by_45_Screen Shot 2018-06-12 at 8.58.43 PM.png,rotten,rotten,Correct,1.0000000000,100.000000,0.0000000000,0.000000,1.0000000000,100.000000
196,b_r151.png,test\Rotten\b_r151.png,rotten,rotten,Correct,1.0000000000,100.000000,0.0000000000,0.000000,1.0000000000,100.000000
197,t_r634.png,test\Rotten\t_r634.png,rotten,rotten,Correct,0.9979324341,99.793243,0.0020675696,0.206757,0.9979324341,99.793243
198,rotated_by_30_Screen Shot 2018-06-12 at 11.20.30 PM.png,test\Rotten\rotated_by_30_Screen Shot 2018-06-12 at 11.20.30 PM.png,rotten,fresh,Incorrect,0.5019725561,50.197256,0.5019725561,50.197256,0.4980274141,49.802741
199,rottenTomato (35).jpg,test\Rotten\rottenTomato (35).jpg,rotten,rotten,Correct,0.9872889519,98.728895,0.0127111059,1.271111,0.9872889519,98.728895
200,IMG_20231115_185159_1_jpg.rf.8d16189daea7b1bf4276c787c1e00aae.jpg,test\Rotten\IMG_20231115_185159_1_jpg.rf.8d16189daea7b1bf4276c787c1e00aae.jpg,rotten,rotten,Correct,0.9984406829,99.844068,0.0015593413,0.155934,0.9984406829,99.844068
201,IMG_20200825_144551.jpg_0_9938.jpg,test\Rotten\IMG_20200825_144551.jpg_0_9938.jpg,rotten,rotten,Correct,0.9994401336,99.944013,0.0005599044,0.055990,0.9994401336,99.944013
202,t_r782.png,test\Rotten\t_r782.png,rotten,rotten,Correct,0.9999884367,99.998844,0.0000115617,0.001156,0.9999884367,99.998844
203,jeruk_busuk (562).png,test\Rotten\jeruk_busuk (562).png,rotten,rotten,Correct,0.5715128779,57.151288,0.4284870923,42.848709,0.5715128779,57.151288
204,vertical_flip_Screen Shot 2018-06-08 at 2.24.15 PM.png,test\Rotten\vertical_flip_Screen Shot 2018-06-08 at 2.24.15 PM.png,rotten,rotten,Correct,0.9998216033,99.982160,0.0001784559,0.017846,0.9998216033,99.982160
205,rottenPepper (202).jpg,test\Rotten\rottenPepper (202).jpg,rotten,rotten,Correct,0.9999643564,99.996436,0.0000356319,0.003563,0.9999643564,99.996436
206,translation_Screen Shot 2018-06-07 at 2.59.13 PM.png,test\Rotten\translation_Screen Shot 2018-06-07 at 2.59.13 PM.png,rotten,rotten,Correct,0.9999983311,99.999833,0.0000017267,0.000173,0.9999983311,99.999833
207,rottenBanana (22).jpg,test\Rotten\rottenBanana (22).jpg,rotten,rotten,Correct,1.0000000000,100.000000,0.0000000004,0.000000,1.0000000000,100.000000
208,rotated_by_15_Screen Shot 2018-06-08 at 2.37.19 PM.png,test\Rotten\rotated_by_15_Screen Shot 2018-06-08 at 2.37.19 PM.png,rotten,rotten,Correct,0.9996489286,99.964893,0.0003510792,0.035108,0.9996489286,99.964893
209,p_r784.png,test\Rotten\p_r784.png,rotten,rotten,Correct,0.9994600415,99.946004,0.0005400219,0.054002,0.9994600415,99.946004
210,vertical_flip_Screen Shot 2018-06-12 at 11.34.13 PM.png,test\Rotten\vertical_flip_Screen Shot 2018-06-12 at 11.34.13 PM.png,rotten,rotten,Correct,0.9158849716,91.588497,0.0841150284,8.411503,0.9158849716,91.588497
211,jeruk_busuk (258).png,test\Rotten\jeruk_busuk (258).png,rotten,rotten,Correct,0.9994437099,99.944371,0.0005563189,0.055632,0.9994437099,99.944371
212,Copy of IMG_20200802_134636.jpg_0_1876.jpg,test\Rotten\Copy of IMG_20200802_134636.jpg_0_1876.jpg,rotten,rotten,Correct,0.9997480512,99.974805,0.0002518986,0.025190,0.9997480512,99.974805
213,rotated_by_60_Screen Shot 2018-06-08 at 2.45.50 PM.png,test\Rotten\rotated_by_60_Screen Shot 2018-06-08 at 2.45.50 PM.png,rotten,rotten,Correct,0.9936422110,99.364221,0.0063577262,0.635773,0.9936422110,99.364221
214,a_r774.png,test\Rotten\a_r774.png,rotten,rotten,Correct,0.9999843836,99.998438,0.0000156490,0.001565,0.9999843836,99.998438
215,p_r251.png,test\Rotten\p_r251.png,rotten,rotten,Correct,0.9041615129,90.416151,0.0958384722,9.583847,0.9041615129,90.416151
216,rotated_by_30_Screen Shot 2018-06-12 at 9.23.15 PM.png,test\Rotten\rotated_by_30_Screen Shot 2018-06-12 at 9.23.15 PM.png,rotten,rotten,Correct,0.9999166727,99.991667,0.0000833641,0.008336,0.9999166727,99.991667
217,rotated_by_45_Screen Shot 2018-06-08 at 2.47.03 PM.png,test\Rotten\rotated_by_45_Screen Shot 2018-06-08 at 2.47.03 PM.png,rotten,rotten,Correct,0.9999970198,99.999702,0.0000029459,0.000295,0.9999970198,99.999702
218,b_r102.png,test\Rotten\b_r102.png,rotten,rotten,Correct,0.9974712133,99.747121,0.0025288037,0.252880,0.9974712133,99.747121
219,a_r726.png,test\Rotten\a_r726.png,rotten,rotten,Correct,0.9966397285,99.663973,0.0033603034,0.336030,0.9966397285,99.663973
220,vertical_flip_Screen Shot 2018-06-12 at 9.17.27 PM.png,test\Rotten\vertical_flip_Screen Shot 2018-06-12 at 9.17.27 PM.png,rotten,rotten,Correct,0.9999984503,99.999845,0.0000015723,0.000157,0.9999984503,99.999845
221,(429).jpg,test\Rotten\(429).jpg,rotten,rotten,Correct,0.9999440908,99.994409,0.0000558513,0.005585,0.9999440908,99.994409
222,Copy of IMG_20200727_223205.jpg_0_6627.jpg,test\Rotten\Copy of IMG_20200727_223205.jpg_0_6627.jpg,rotten,rotten,Correct,0.9996467829,99.964678,0.0003531777,0.035318,0.9996467829,99.964678
223,rotated_by_60_Screen Shot 2018-06-12 at 11.37.36 PM.png,test\Rotten\rotated_by_60_Screen Shot 2018-06-12 at 11.37.36 PM.png,rotten,rotten,Correct,0.9999085665,99.990857,0.0000913699,0.009137,0.9999085665,99.990857
224,saltandpepper_Screen Shot 2018-06-07 at 2.34.49 PM.png,test\Rotten\saltandpepper_Screen Shot 2018-06-07 at 2.34.49 PM.png,rotten,fresh,Incorrect,0.9893001318,98.930013,0.9893001318,98.930013,0.0106998542,1.069985
225,d (640).jpg,test\Rotten\d (640).jpg,rotten,rotten,Correct,0.9999947548,99.999475,0.0000052034,0.000520,0.9999947548,99.999475
226,b_r424.png,test\Rotten\b_r424.png,rotten,rotten,Correct,1.0000000000,100.000000,0.0000000000,0.000000,1.0000000000,100.000000
227,b_r436.png,test\Rotten\b_r436.png,rotten,rotten,Correct,0.9999370575,99.993706,0.0000629272,0.006293,0.9999370575,99.993706
228,rottenPepper (479).jpg,test\Rotten\rottenPepper (479).jpg,rotten,rotten,Correct,0.9939230084,99.392301,0.0060769403,0.607694,0.9939230084,99.392301
229,rotated_by_75_Screen Shot 2018-06-12 at 8.59.02 PM.png,test\Rotten\rotated_by_75_Screen Shot 2018-06-12 at 8.59.02 PM.png,rotten,rotten,Correct,1.0000000000,100.000000,0.0000000000,0.000000,1.0000000000,100.000000
230,b_r190.png,test\Rotten\b_r190.png,rotten,rotten,Correct,0.9997987151,99.979872,0.0002012446,0.020124,0.9997987151,99.979872
231,rottenStrawberry (526).jpg,test\Rotten\rottenStrawberry (526).jpg,rotten,rotten,Correct,0.9975855350,99.758554,0.0024144480,0.241445,0.9975855350,99.758554
232,t_r788.png,test\Rotten\t_r788.png,rotten,rotten,Correct,0.9993021488,99.930215,0.0006978505,0.069785,0.9993021488,99.930215
233,rottenTomato (22).jpg,test\Rotten\rottenTomato (22).jpg,rotten,rotten,Correct,0.9759710431,97.597104,0.0240288693,2.402887,0.9759710431,97.597104
234,rottenMango (313).jpg,test\Rotten\rottenMango (313).jpg,rotten,rotten,Correct,0.9998453856,99.984539,0.0001546430,0.015464,0.9998453856,99.984539
235,(13)_1.jpg,test\Rotten\(13)_1.jpg,rotten,rotten,Correct,0.9696924686,96.969247,0.0303075574,3.030756,0.9696924686,96.969247
236,White Mold_53.jpg,test\Rotten\White Mold_53.jpg,rotten,rotten,Correct,0.9986714125,99.867141,0.0013285904,0.132859,0.9986714125,99.867141
237,translation_Screen Shot 2018-06-12 at 9.12.06 PM.png,test\Rotten\translation_Screen Shot 2018-06-12 at 9.12.06 PM.png,rotten,rotten,Correct,1.0000000000,100.000000,0.0000000343,0.000003,1.0000000000,100.000000
238,rottenApple (240).jpg,test\Rotten\rottenApple (240).jpg,rotten,rotten,Correct,0.9999926090,99.999261,0.0000074485,0.000745,0.9999926090,99.999261
239,rottenStrawberry (241).jpg,test\Rotten\rottenStrawberry (241).jpg,rotten,rotten,Correct,0.9999889135,99.998891,0.0000110924,0.001109,0.9999889135,99.998891
240,t_r348.png,test\Rotten\t_r348.png,rotten,rotten,Correct,0.9997646213,99.976462,0.0002353998,0.023540,0.9997646213,99.976462
241,rottenMango (169).jpg,test\Rotten\rottenMango (169).jpg,rotten,rotten,Correct,0.9999713898,99.997139,0.0000285704,0.002857,0.9999713898,99.997139
242,rottenMango (499).jpg,test\Rotten\rottenMango (499).jpg,rotten,rotten,Correct,0.9434517622,94.345176,0.0565481819,5.654818,0.9434517622,94.345176
243,(104).jpg,test\Rotten\(104).jpg,rotten,rotten,Correct,0.9999958277,99.999583,0.0000042267,0.000423,0.9999958277,99.999583
244,rotated_by_60_Screen Shot 2018-06-12 at 11.21.29 PM.png,test\Rotten\rotated_by_60_Screen Shot 2018-06-12 at 11.21.29 PM.png,rotten,rotten,Correct,0.9386690259,93.866903,0.0613310076,6.133101,0.9386690259,93.866903
245,rottenMango (181).jpg,test\Rotten\rottenMango (181).jpg,rotten,rotten,Correct,0.9999898672,99.998987,0.0000101665,0.001017,0.9999898672,99.998987
246,WhatsApp Image 2020-11-07 at 11.30.47 PM (1).jpeg_0_6203.jpg,test\Rotten\WhatsApp Image 2020-11-07 at 11.30.47 PM (1).jpeg_0_6203.jpg,rotten,rotten,Correct,0.9999399185,99.993992,0.0000601143,0.006011,0.9999399185,99.993992
247,rottenOrange (87).jpg,test\Rotten\rottenOrange (87).jpg,rotten,rotten,Correct,0.9999983311,99.999833,0.0000016718,0.000167,0.9999983311,99.999833
248,rotated_by_75_Screen Shot 2018-06-07 at 2.56.34 PM.png,test\Rotten\rotated_by_75_Screen Shot 2018-06-07 at 2.56.34 PM.png,rotten,rotten,Correct,1.0000000000,100.000000,0.0000000005,0.000000,1.0000000000,100.000000
249,rottenPepper (465).jpg,test\Rotten\rottenPepper (465).jpg,rotten,rotten,Correct,0.8514989018,85.149890,0.1485010982,14.850110,0.8514989018,85.149890
250,rottenCucumber (6).jpg,test\Rotten\rottenCucumber (6).jpg,rotten,rotten,Correct,0.9999960661,99.999607,0.0000038896,0.000389,0.9999960661,99.999607
251,rotated_by_45_Screen Shot 2018-06-08 at 2.39.51 PM.png,test\Rotten\rotated_by_45_Screen Shot 2018-06-08 at 2.39.51 PM.png,rotten,rotten,Correct,0.9986763597,99.867636,0.0013236181,0.132362,0.9986763597,99.867636
252,d (343).jpg,test\Rotten\d (343).jpg,rotten,rotten,Correct,0.8179094195,81.790942,0.1820906103,18.209061,0.8179094195,81.790942
253,rottenTomato (258).jpg,test\Rotten\rottenTomato (258).jpg,rotten,rotten,Correct,0.9994903803,99.949038,0.0005096385,0.050964,0.9994903803,99.949038
254,translation_Screen Shot 2018-06-12 at 9.03.51 PM.png,test\Rotten\translation_Screen Shot 2018-06-12 at 9.03.51 PM.png,rotten,rotten,Correct,0.9999997616,99.999976,0.0000001948,0.000019,0.9999997616,99.999976
255,rottenOrange (198).jpg,test\Rotten\rottenOrange (198).jpg,rotten,rotten,Correct,1.0000000000,100.000000,0.0000000019,0.000000,1.0000000000,100.000000
256,rottenCucumber (197).jpg,test\Rotten\rottenCucumber (197).jpg,rotten,rotten,Correct,0.9961472750,99.614727,0.0038526705,0.385267,0.9961472750,99.614727
257,p_r465.png,test\Rotten\p_r465.png,rotten,rotten,Correct,0.6504414678,65.044147,0.3495585024,34.955850,0.6504414678,65.044147
258,Screen Shot 2018-06-07 at 2.36.21 PM.png,test\Rotten\Screen Shot 2018-06-07 at 2.36.21 PM.png,rotten,rotten,Correct,0.9999849796,99.998498,0.0000150602,0.001506,0.9999849796,99.998498
259,p_r790.png,test\Rotten\p_r790.png,rotten,rotten,Correct,0.5164132714,51.641327,0.4835867286,48.358673,0.5164132714,51.641327
260,rotated_by_60_Screen Shot 2018-06-12 at 11.29.14 PM.png,test\Rotten\rotated_by_60_Screen Shot 2018-06-12 at 11.29.14 PM.png,rotten,rotten,Correct,0.9999998808,99.999988,0.0000001017,0.000010,0.9999998808,99.999988
261,tomat_busuk (1015).jpg,test\Rotten\tomat_busuk (1015).jpg,rotten,rotten,Correct,0.9999810457,99.998105,0.0000188961,0.001890,0.9999810457,99.998105
262,vertical_flip_Screen Shot 2018-06-08 at 2.40.13 PM.png,test\Rotten\vertical_flip_Screen Shot 2018-06-08 at 2.40.13 PM.png,rotten,rotten,Correct,0.9999967813,99.999678,0.0000032556,0.000326,0.9999967813,99.999678
263,vertical_flip_Screen Shot 2018-06-12 at 9.01.21 PM.png,test\Rotten\vertical_flip_Screen Shot 2018-06-12 at 9.01.21 PM.png,rotten,rotten,Correct,0.9999994040,99.999940,0.0000005773,0.000058,0.9999994040,99.999940
264,o_r319.png,test\Rotten\o_r319.png,rotten,rotten,Correct,0.9957165122,99.571651,0.0042834748,0.428347,0.9957165122,99.571651
265,jeruk_busuk (64).png,test\Rotten\jeruk_busuk (64).png,rotten,rotten,Correct,0.8859045506,88.590455,0.1140954122,11.409541,0.8859045506,88.590455
266,rotated_by_60_Screen Shot 2018-06-12 at 11.18.46 PM.png,test\Rotten\rotated_by_60_Screen Shot 2018-06-12 at 11.18.46 PM.png,rotten,rotten,Correct,0.9998399019,99.983990,0.0001600436,0.016004,0.9998399019,99.983990
267,IMG_20231115_185218_jpg.rf.72f0ba0ab716cd331d8304da10836439.jpg,test\Rotten\IMG_20231115_185218_jpg.rf.72f0ba0ab716cd331d8304da10836439.jpg,rotten,rotten,Correct,0.9999984503,99.999845,0.0000014979,0.000150,0.9999984503,99.999845
268,IMG_20231116_114132_1_jpg.rf.a495944a7665a953d0768ddb5ffffd93.jpg,test\Rotten\IMG_20231116_114132_1_jpg.rf.a495944a7665a953d0768ddb5ffffd93.jpg,rotten,rotten,Correct,0.9999320507,99.993205,0.0000679213,0.006792,0.9999320507,99.993205
269,rottenApple (444).jpg,test\Rotten\rottenApple (444).jpg,rotten,rotten,Correct,0.9999989271,99.999893,0.0000010482,0.000105,0.9999989271,99.999893
270,jeruk_busuk (301).png,test\Rotten\jeruk_busuk (301).png,rotten,rotten,Correct,0.9999998808,99.999988,0.0000001174,0.000012,0.9999998808,99.999988
271,rottenOrange (333).jpg,test\Rotten\rottenOrange (333).jpg,rotten,fresh,Incorrect,0.7930356264,79.303563,0.7930356264,79.303563,0.2069643885,20.696439
272,tomat_busuk (476).jpg,test\Rotten\tomat_busuk (476).jpg,rotten,rotten,Correct,0.9976679683,99.766797,0.0023319519,0.233195,0.9976679683,99.766797
273,saltandpepper_Screen Shot 2018-06-12 at 8.50.40 PM.png,test\Rotten\saltandpepper_Screen Shot 2018-06-12 at 8.50.40 PM.png,rotten,rotten,Correct,0.9970239997,99.702400,0.0029759875,0.297599,0.9970239997,99.702400
274,a_r028.png,test\Rotten\a_r028.png,rotten,rotten,Correct,0.9999994040,99.999940,0.0000005698,0.000057,0.9999994040,99.999940
275,rottenPepper (595).jpg,test\Rotten\rottenPepper (595).jpg,rotten,rotten,Correct,0.6663104892,66.631049,0.3336894512,33.368945,0.6663104892,66.631049
276,Screen Shot 2018-06-12 at 8.53.47 PM.png,test\Rotten\Screen Shot 2018-06-12 at 8.53.47 PM.png,rotten,rotten,Correct,1.0000000000,100.000000,0.0000000411,0.000004,1.0000000000,100.000000
277,jeruk_busuk (675).png,test\Rotten\jeruk_busuk (675).png,rotten,rotten,Correct,1.0000000000,100.000000,0.0000000557,0.000006,1.0000000000,100.000000
278,p_r796.png,test\Rotten\p_r796.png,rotten,fresh,Incorrect,0.7462446690,74.624467,0.7462446690,74.624467,0.2537553012,25.375530
279,Copy of IMG_20200801_191339.jpg_0_4754.jpg,test\Rotten\Copy of IMG_20200801_191339.jpg_0_4754.jpg,rotten,rotten,Correct,0.9999885559,99.998856,0.0000114409,0.001144,0.9999885559,99.998856
280,c_r165.png,test\Rotten\c_r165.png,rotten,rotten,Correct,0.9311470389,93.114704,0.0688529685,6.885297,0.9311470389,93.114704
281,vertical_flip_Screen Shot 2018-06-12 at 11.45.33 PM.png,test\Rotten\vertical_flip_Screen Shot 2018-06-12 at 11.45.33 PM.png,rotten,rotten,Correct,0.9999861717,99.998617,0.0000138350,0.001383,0.9999861717,99.998617
282,translation_Screen Shot 2018-06-08 at 2.32.10 PM.png,test\Rotten\translation_Screen Shot 2018-06-08 at 2.32.10 PM.png,rotten,rotten,Correct,0.9999949932,99.999499,0.0000049486,0.000495,0.9999949932,99.999499
283,c_r322.png,test\Rotten\c_r322.png,rotten,rotten,Correct,0.9907149076,99.071491,0.0092851268,0.928513,0.9907149076,99.071491
284,saltandpepper_Screen Shot 2018-06-07 at 2.22.00 PM.png,test\Rotten\saltandpepper_Screen Shot 2018-06-07 at 2.22.00 PM.png,rotten,rotten,Correct,0.9926774502,99.267745,0.0073224902,0.732249,0.9926774502,99.267745
285,rottenOrange (267).jpg,test\Rotten\rottenOrange (267).jpg,rotten,fresh,Incorrect,0.7782846689,77.828467,0.7782846689,77.828467,0.2217153311,22.171533
286,rottenCarrot (157).jpg,test\Rotten\rottenCarrot (157).jpg,rotten,rotten,Correct,0.9999595881,99.995959,0.0000404282,0.004043,0.9999595881,99.995959
287,translation_Screen Shot 2018-06-07 at 2.56.57 PM.png,test\Rotten\translation_Screen Shot 2018-06-07 at 2.56.57 PM.png,rotten,rotten,Correct,0.9985594153,99.855942,0.0014405898,0.144059,0.9985594153,99.855942
288,rotated_by_15_Screen Shot 2018-06-08 at 2.26.09 PM.png,test\Rotten\rotated_by_15_Screen Shot 2018-06-08 at 2.26.09 PM.png,rotten,rotten,Correct,0.9999959469,99.999595,0.0000039968,0.000400,0.9999959469,99.999595
289,DSCN4221.jpg_0_7855.jpg,test\Rotten\DSCN4221.jpg_0_7855.jpg,rotten,rotten,Correct,0.9979414344,99.794143,0.0020585123,0.205851,0.9979414344,99.794143
290,c_r020.png,test\Rotten\c_r020.png,rotten,rotten,Correct,0.9999650717,99.996507,0.0000349125,0.003491,0.9999650717,99.996507
291,b_r205.png,test\Rotten\b_r205.png,rotten,rotten,Correct,0.9999998808,99.999988,0.0000001678,0.000017,0.9999998808,99.999988
292,rotated_by_30_Screen Shot 2018-06-12 at 9.12.11 PM.png,test\Rotten\rotated_by_30_Screen Shot 2018-06-12 at 9.12.11 PM.png,rotten,rotten,Correct,1.0000000000,100.000000,0.0000000069,0.000001,1.0000000000,100.000000
293,vertical_flip_Screen Shot 2018-06-08 at 2.45.58 PM.png,test\Rotten\vertical_flip_Screen Shot 2018-06-08 at 2.45.58 PM.png,rotten,rotten,Correct,0.9651346803,96.513468,0.0348653160,3.486532,0.9651346803,96.513468
294,rotated_by_75_Screen Shot 2018-06-07 at 2.39.44 PM.png,test\Rotten\rotated_by_75_Screen Shot 2018-06-07 at 2.39.44 PM.png,rotten,rotten,Correct,0.9999914169,99.999142,0.0000085451,0.000855,0.9999914169,99.999142
295,rotated_by_15_Screen Shot 2018-06-12 at 11.36.19 PM.png,test\Rotten\rotated_by_15_Screen Shot 2018-06-12 at 11.36.19 PM.png,rotten,rotten,Correct,0.9814237952,98.142380,0.0185762197,1.857622,0.9814237952,98.142380
296,rotated_by_45_Screen Shot 2018-06-12 at 8.57.22 PM.png,test\Rotten\rotated_by_45_Screen Shot 2018-06-12 at 8.57.22 PM.png,rotten,rotten,Correct,0.9999989271,99.999893,0.0000010502,0.000105,0.9999989271,99.999893
297,rotated_by_60_Screen Shot 2018-06-12 at 9.05.21 PM.png,test\Rotten\rotated_by_60_Screen Shot 2018-06-12 at 9.05.21 PM.png,rotten,rotten,Correct,0.9992338419,99.923384,0.0007662089,0.076621,0.9992338419,99.923384
298,jeruk_busuk (695).png,test\Rotten\jeruk_busuk (695).png,rotten,rotten,Correct,0.9999594688,99.995947,0.0000405345,0.004053,0.9999594688,99.995947
299,Screen Shot 2018-06-12 at 9.21.05 PM.png,test\Rotten\Screen Shot 2018-06-12 at 9.21.05 PM.png,rotten,rotten,Correct,1.0000000000,100.000000,0.0000000000,0.000000,1.0000000000,100.000000
300,translation_Screen Shot 2018-06-07 at 2.44.05 PM.png,test\Rotten\translation_Screen Shot 2018-06-07 at 2.44.05 PM.png,rotten,rotten,Correct,0.9999651909,99.996519,0.0000347969,0.003480,0.9999651909,99.996519
